Data,Position (ft),Velocity (ft/s),Acceleration (ft/s^2),Force (lbf),Mass (lbm),Density (slugs/ft^3)
max,10180.818812488018,1101.67077130922,512.62895,223.09,14.0,0.0022135216712047172
t max,20.700000000000024,2.500000000000001,0.30000000000000004,0.2,0.0,0.0
min,2373.910213602056,-396.4588693338282,-227.87158161675163,-99.16699231067835,11.930000000000017,0.0017644938198425367
t min,49.30000000000043,49.30000000000043,2.700000000000001,2.3000000000000007,20.800000000000026,20.800000000000026
