Data,Position (ft),Velocity (ft/s),Acceleration (ft/s^2),Force (lbf),Mass (lbm),Density (slugs/ft^3)
max,351658.97786068363,3208.57584971161,151.83329217384875,2477.851364354075,525.0,0.002367
t max,237.79999999999077,30.20000000000016,0.7,0.6,0.0,0.0
min,-63.962933363551,-2669.2903909533957,-68.45921584408538,-1117.2237587238055,225.00000000000205,2.47762653114741e-10
t min,473.00000000003905,439.10000000003134,30.20000000000016,30.000000000000156,237.89999999999077,237.89999999999077
