Data,Position (ft),Velocity (ft/s),Acceleration (ft/s^2),Force (lbf),Mass (lbm),Density (slugs/ft^3)
max,184846.6252655031,2551.03219416112,143.4344744251407,2452.2524381046746,550.0,0.002367
t max,166.59999999999482,30.20000000000016,0.6,0.5,0.0,0.0
min,-13.693968546401237,-1735.4220090654107,-90.92033145037136,-1554.4352594872319,250.000000000002,6.768695774695735e-07
t min,345.20000000001,296.899999999999,30.20000000000016,30.000000000000156,166.69999999999482,166.69999999999482
